meeting_date,url,sha256,fetched_at,from_cache
2016-01-27,https://www.federalreserve.gov/newsevents/pressreleases/monetary20160127a.htm,02677fe9aabc607efac2d4c567876e64d570498857144a81c15ee46537da48f9,2026-09-17T02:29:04+00:00,True
2016-03-16,https://www.federalreserve.gov/newsevents/pressreleases/monetary20160316a.htm,f60ffc4ecf75291416d1d8be5961756083e633079bb0f8e964e35fd906616c3f,2026-09-17T02:29:05+00:00,True
2016-04-27,https://www.federalreserve.gov/newsevents/pressreleases/monetary20160427a.htm,92aea9057cbd8a8a7dd832732e18806af690e4b32538eff400897229bc337e4b,2026-09-17T02:29:06+00:00,True
2016-06-15,https://www.federalreserve.gov/newsevents/pressreleases/monetary20160615a.htm,de911d625fb6326c1d0fdc93fe211ff3513a060cba63aa27f89cdede5330d4af,2026-09-17T02:29:08+00:00,True
2016-07-27,https://www.federalreserve.gov/newsevents/pressreleases/monetary20160727a.htm,056f722f2ba8290eb3020e83fbb7aee3ecf8977b9b808f296d20492eda740915,2026-09-17T02:29:09+00:00,True
2016-09-21,https://www.federalreserve.gov/newsevents/pressreleases/monetary20160921a.htm,8021ee88c66744887073bec2884740de24234cecb2fa08da4c5c9e7c9961ce21,2026-09-17T02:29:11+00:00,True
2016-11-02,https://www.federalreserve.gov/newsevents/pressreleases/monetary20161102a.htm,415d44265fca030cd9a1feab123675f3049d1f25ade5c4b414c95d6f19899acb,2026-09-17T02:29:12+00:00,True
2016-12-14,https://www.federalreserve.gov/newsevents/pressreleases/monetary20161214a.htm,f7693d5203d54387049e5252257b1ebbf1a763e3cfe0ee317d9c9654c89d0c4a,2026-09-17T02:29:13+00:00,True
2017-02-01,https://www.federalreserve.gov/newsevents/pressreleases/monetary20170201a.htm,2c1ee4b8d9c3e503dd0f534b30fbcff19c004ff5e50c6d444bc6c3a134a0b9b7,2026-09-17T02:29:15+00:00,True
2017-03-15,https://www.federalreserve.gov/newsevents/pressreleases/monetary20170315a.htm,94914037e4b0e5dfa3d329909c503fbba94a21af5ce78c282e1ed4b5c175b667,2026-09-17T02:29:16+00:00,True
2017-05-03,https://www.federalreserve.gov/newsevents/pressreleases/monetary20170503a.htm,1766c6c7faec1724cd10238d410ff2be528d174269bc4d09a34fd8e302b3e6dd,2026-09-17T02:29:17+00:00,True
2017-06-14,https://www.federalreserve.gov/newsevents/pressreleases/monetary20170614a.htm,e90fbbfb67085e9dcc29e049abf89e885f824a39d651b8228ea24a337af000a2,2026-09-17T02:29:19+00:00,True
2017-07-26,https://www.federalreserve.gov/newsevents/pressreleases/monetary20170726a.htm,26f0160bbfc4af5c4ec5b30f3fc12cb6ca7fe0906df38b906e7b071d5ff671c3,2026-09-17T02:29:20+00:00,True
2017-09-20,https://www.federalreserve.gov/newsevents/pressreleases/monetary20170920a.htm,b800e3621d0647bf6611a1da565046a97b11c2eba9e0b899d21e672d83b801df,2026-09-17T02:29:22+00:00,True
2017-11-01,https://www.federalreserve.gov/newsevents/pressreleases/monetary20171101a.htm,59f6777a0a8df62d97c57f7b707e21521dd7e7da45190c91e01b5962c77b4cc9,2026-09-17T02:29:23+00:00,True
2017-12-13,https://www.federalreserve.gov/newsevents/pressreleases/monetary20171213a.htm,dec089b5debc24b5404238515df899c8163d6860c94d964b62711b72fccc53f2,2026-09-17T02:29:24+00:00,True
2018-01-31,https://www.federalreserve.gov/newsevents/pressreleases/monetary20180131a.htm,ba8f2cc6f73b58766ab867637d93b4b3d3353cc55cd7ed74c1e75317bfeea0b1,2026-09-17T02:29:26+00:00,True
2018-03-21,https://www.federalreserve.gov/newsevents/pressreleases/monetary20180321a.htm,6bd8da5945a0950ac34ceebaa9f7e0e84907a6b20971b4b840bccb6cf5b22376,2026-09-17T02:29:27+00:00,True
2018-05-02,https://www.federalreserve.gov/newsevents/pressreleases/monetary20180502a.htm,fc6f5aa0af9091e262e5ade6ea91fcf43f551725dbdddfe8b4485031ce950dec,2026-09-17T02:29:29+00:00,True
2018-06-13,https://www.federalreserve.gov/newsevents/pressreleases/monetary20180613a.htm,2bd03a74662b3f20223c615334fb5b1bb2f2e68f61a6a7aa06cffe427393beb7,2026-09-17T02:29:30+00:00,True
2018-08-01,https://www.federalreserve.gov/newsevents/pressreleases/monetary20180801a.htm,28eb839a35f8449fa29b76b612cf30fa156365f9ec981d422abe7f9ee0bfbd38,2026-09-17T02:29:31+00:00,True
2018-09-26,https://www.federalreserve.gov/newsevents/pressreleases/monetary20180926a.htm,affb76b4fd83c8e7d33fc60488101e374267e9d60672f43bb5a28dc231b77269,2026-09-17T02:29:33+00:00,True
2018-11-08,https://www.federalreserve.gov/newsevents/pressreleases/monetary20181108a.htm,860b45540821f52713c7773c82b7cd97abe870205523c9b6021531bcdbc9136c,2026-09-17T02:29:34+00:00,True
2018-12-19,https://www.federalreserve.gov/newsevents/pressreleases/monetary20181219a.htm,31c746cbcd2023d9568e2be2b9b70f1517d8f68399fdd6d56e76a4195388ff9c,2026-09-17T02:29:35+00:00,True
2019-01-30,https://www.federalreserve.gov/newsevents/pressreleases/monetary20190130a.htm,6802827fa092cba3d13cf7100777aac35d681d44be5e12b692c0255e98c55920,2026-09-17T02:29:37+00:00,True
2019-03-20,https://www.federalreserve.gov/newsevents/pressreleases/monetary20190320a.htm,090157b27afcb662d509337fb7d257affd3e72867ecf8a27635af886b456fdeb,2026-09-17T02:29:38+00:00,True
2019-05-01,https://www.federalreserve.gov/newsevents/pressreleases/monetary20190501a.htm,094c82e80c29ea92822faef1b0395c61f22f56261c063ec7f75f98f4c1ab5f2e,2026-09-17T02:29:40+00:00,True
2019-06-19,https://www.federalreserve.gov/newsevents/pressreleases/monetary20190619a.htm,dee7a6c67c68e44ac93481be8a9b5dfd34f884241c2d76fc2b74a601ba8c8d7b,2026-09-17T02:29:41+00:00,True
2019-07-31,https://www.federalreserve.gov/newsevents/pressreleases/monetary20190731a.htm,6c4b79369ea3a8003a0a81f0de066047892d9721806881630bee0c7087a170ec,2026-09-16T19:14:36+00:00,True
2019-09-18,https://www.federalreserve.gov/newsevents/pressreleases/monetary20190918a.htm,165a38fbc129e713c54c8bb38eeeeabfb0358b581fa10af0a275827e5414e8c2,2026-09-17T02:29:42+00:00,True
2019-10-11,https://www.federalreserve.gov/newsevents/pressreleases/monetary20191011a.htm,95429d9279d9ac004bd1c5d76b3ca4b052e3d93eff13b02c1d159a2b26caaae8,2026-09-17T02:29:44+00:00,True
2019-10-30,https://www.federalreserve.gov/newsevents/pressreleases/monetary20191030a.htm,527e055f9af14f3941e1afdfda6bb322e39a63cbaefbbdf54168b7ed13e54d3a,2026-09-17T02:29:45+00:00,True
2019-12-11,https://www.federalreserve.gov/newsevents/pressreleases/monetary20191211a.htm,f85165d870d8539f15210ac9e9f600e695745cda373f927afbd3ebd8bf08fe48,2026-09-17T02:29:46+00:00,True
2020-01-29,https://www.federalreserve.gov/newsevents/pressreleases/monetary20200129a.htm,f9b029e983f6e17cfc462e6b30cd9f7bf9259564dff840c5414ac6e35c6dea0a,2026-09-17T02:29:48+00:00,True
2020-03-03,https://www.federalreserve.gov/newsevents/pressreleases/monetary20200303a.htm,6b4737711c991e9d275e84210bb180d0d5b022c1e2b023d70a5f26debd00eab1,2026-09-17T02:29:49+00:00,True
2020-03-15,https://www.federalreserve.gov/newsevents/pressreleases/monetary20200315a.htm,c53b900f844e2bec9b218ce9c230a21a2b2724713c151f273bc3bfcf970ee0b7,2026-09-16T19:14:38+00:00,True
2020-03-23,https://www.federalreserve.gov/newsevents/pressreleases/monetary20200323a.htm,84d0b5ae84d8f8401de5849bd0c7a0ef7d0f39cf835c39768783da084f330898,2026-09-17T02:29:51+00:00,True
2020-04-29,https://www.federalreserve.gov/newsevents/pressreleases/monetary20200429a.htm,4cfc2986c88ba16a77f19a394b41ddb0f46c45faf92d3a7002c6188a5c6f5f0f,2026-09-17T02:29:52+00:00,True
2020-06-10,https://www.federalreserve.gov/newsevents/pressreleases/monetary20200610a.htm,e68a0cd091d54aac4cea00a508e87a5851d5bbb749b8d1f1a64c18c69b199ebf,2026-09-17T02:29:53+00:00,True
2020-07-29,https://www.federalreserve.gov/newsevents/pressreleases/monetary20200729a.htm,dc69e81860bb7dcce415c95cb536b56aa5e4123d717eae2e96ca5b3cf311ae6c,2026-09-17T02:29:55+00:00,True
2020-09-16,https://www.federalreserve.gov/newsevents/pressreleases/monetary20200916a.htm,868ed0ed891bcc8a231bb622caf179e6c08c0daf987b7d76df8ac89d511488c3,2026-09-17T02:29:56+00:00,True
2020-11-05,https://www.federalreserve.gov/newsevents/pressreleases/monetary20201105a.htm,2fa205e244805281d62e51b30d8fc5f3e562a01d6668ef19bf32f6269bc00f39,2026-09-17T02:29:57+00:00,True
2020-12-16,https://www.federalreserve.gov/newsevents/pressreleases/monetary20201216a.htm,ae22ba9c9c30a976cb9c865fff4de99f96699571230b47768e6c062d6cc27106,2026-09-17T02:29:59+00:00,True
2021-01-27,https://www.federalreserve.gov/newsevents/pressreleases/monetary20210127a.htm,56448334adcf5bc8be732a32c930794cb16d57ded0f6b78c8996d4d34d0534a5,2026-09-17T02:30:00+00:00,True
2021-03-17,https://www.federalreserve.gov/newsevents/pressreleases/monetary20210317a.htm,91a80a44298e1a53e1af8665de870e470a720c9ac9a0b4ca7b306730a4ec1b15,2026-09-17T02:30:02+00:00,True
2021-04-28,https://www.federalreserve.gov/newsevents/pressreleases/monetary20210428a.htm,e46bb9b9fc50daf32ea1c0b55b7adfd5bb88e6423b34f5f46ee7e8633c48e676,2026-09-17T02:30:03+00:00,True
2021-06-16,https://www.federalreserve.gov/newsevents/pressreleases/monetary20210616a.htm,ad5b2a177212bf937fdfeadedb739aea5985c7824f0197a1da1ceff575d222c1,2026-09-17T02:30:04+00:00,True
2021-07-28,https://www.federalreserve.gov/newsevents/pressreleases/monetary20210728a.htm,cff7c308c101248e5fdf3b47f79960df0e6b4f667f2a319b3caa345e2950b3be,2026-09-17T02:30:06+00:00,True
2021-09-22,https://www.federalreserve.gov/newsevents/pressreleases/monetary20210922a.htm,077c668e95faac93c57bca2df560b0a8f649acea4ff6cf3bf3c7a1bd0b114d0a,2026-09-17T02:30:07+00:00,True
2021-11-03,https://www.federalreserve.gov/newsevents/pressreleases/monetary20211103a.htm,d530200c4fd29dfaa994f5e1e0713b8ba27a10ced7e2cea9e63046299cdc6202,2026-09-17T02:30:09+00:00,True
2021-12-15,https://www.federalreserve.gov/newsevents/pressreleases/monetary20211215a.htm,d4d55ee7331830d83fe36ee4fc9ea7badc4b28aa8052b1f8f7e6c922e5c13dcc,2026-09-17T02:30:10+00:00,True
2022-01-26,https://www.federalreserve.gov/newsevents/pressreleases/monetary20220126a.htm,f16b1ff546fb2995d8504d0fc59dc7598136101f2ec24fdee7882089347e0fb2,2026-09-17T02:30:11+00:00,True
2022-03-16,https://www.federalreserve.gov/newsevents/pressreleases/monetary20220316a.htm,71e89826b7f16461f6804f80645962b19b31cb8e7ec77663ba01115acb490b3a,2026-09-17T02:30:13+00:00,True
2022-05-04,https://www.federalreserve.gov/newsevents/pressreleases/monetary20220504a.htm,f5c48e809c2d0767cf5ff95f08b46b2ea78e6cacb31419367c427ed21b804a5d,2026-09-17T02:30:14+00:00,True
2022-06-15,https://www.federalreserve.gov/newsevents/pressreleases/monetary20220615a.htm,ea5bda33f0b927fc8fd3efca2c0556d2614fdc20e45207732f2de18c4db9eaf5,2026-09-17T02:30:16+00:00,True
2022-07-27,https://www.federalreserve.gov/newsevents/pressreleases/monetary20220727a.htm,d7df8cd8741c34b32fdc8ed49549157a361056750d0ed644c30a5129fdf7f3cc,2026-09-17T02:30:17+00:00,True
2022-09-21,https://www.federalreserve.gov/newsevents/pressreleases/monetary20220921a.htm,b449377e7ed75dacf3a3ea054cce48a0ae8c412e038e46c69a35ac7be0cbc498,2026-09-17T02:30:19+00:00,True
2022-11-02,https://www.federalreserve.gov/newsevents/pressreleases/monetary20221102a.htm,30ca5d032ac6364026de961b165cd96856e284e3e55206eb2ed2f5d5c65ff115,2026-09-17T02:30:20+00:00,True
2022-12-14,https://www.federalreserve.gov/newsevents/pressreleases/monetary20221214a.htm,eaafd201f2729b8fabc281f1a21316b00ca80ddb844a63b5b6da56fb7ecdd8f5,2026-09-17T02:30:21+00:00,True
2023-02-01,https://www.federalreserve.gov/newsevents/pressreleases/monetary20230201a.htm,628d5b72f7ee5aa0bf5d651181b717a589208277d7bd72585fbb12f72b604a6a,2026-09-17T02:30:23+00:00,True
2023-03-22,https://www.federalreserve.gov/newsevents/pressreleases/monetary20230322a.htm,7668967ca0f38a627ef12f45128c31067046a08ce8767cd182f73522a4d397b8,2026-09-17T02:30:24+00:00,True
2023-05-03,https://www.federalreserve.gov/newsevents/pressreleases/monetary20230503a.htm,c9e10cd8a910fe913a0d340a412bb8b6fdf9781f958568789a8cc08bd37439cc,2026-09-17T02:30:25+00:00,True
2023-06-14,https://www.federalreserve.gov/newsevents/pressreleases/monetary20230614a.htm,3c65e8385ada406893643853d9ff505c9e9095efb6497dc4c283a66d5123215f,2026-09-17T02:30:27+00:00,True
2023-07-26,https://www.federalreserve.gov/newsevents/pressreleases/monetary20230726a.htm,57086703d33a6f6e4e63d30a1090464ba2f29523ecf3c45eb4b97045186cf938,2026-09-17T02:30:28+00:00,True
2023-09-20,https://www.federalreserve.gov/newsevents/pressreleases/monetary20230920a.htm,e953664ef33734358ce4a7c16179fe7ca6f7eec078cc0d92a730ac8532d84e5c,2026-09-17T02:30:30+00:00,True
2023-11-01,https://www.federalreserve.gov/newsevents/pressreleases/monetary20231101a.htm,7c53b7371ab0beece96efbe26b8da0e2537be99a7485bacd6f8bad77e1e51fc9,2026-09-17T02:30:31+00:00,True
2023-12-13,https://www.federalreserve.gov/newsevents/pressreleases/monetary20231213a.htm,402b2180ac074e3ae74c9d6f51ac32d7dfa7e7f2d032be8efe9c7acaa85af8cc,2026-09-17T02:30:33+00:00,True
2024-01-31,https://www.federalreserve.gov/newsevents/pressreleases/monetary20240131a.htm,81f2a97ac6167b069cda17152781490183c854e9ebbe4c8859bd37ad7e935273,2026-09-17T02:30:34+00:00,True
2024-03-20,https://www.federalreserve.gov/newsevents/pressreleases/monetary20240320a.htm,190ae36c28b0cf9d589cf9cda529419968e8407d0164c0ef1e20f9941c4f8024,2026-09-17T02:30:35+00:00,True
2024-05-01,https://www.federalreserve.gov/newsevents/pressreleases/monetary20240501a.htm,a2b1a217b8b963c5f77ebe6f08d564d1677cee548e598f5221c3d0b28ff55feb,2026-09-17T02:30:37+00:00,True
2024-06-12,https://www.federalreserve.gov/newsevents/pressreleases/monetary20240612a.htm,175eeb686740d93c5f8cc11e625c620a6eeaa16585a53722946a4f3d5b14cd18,2026-09-17T02:30:38+00:00,True
2024-07-31,https://www.federalreserve.gov/newsevents/pressreleases/monetary20240731a.htm,ede90a9f1d84921d1e634d861b3b5408cd552768a2981f3ce8dce0b86b706008,2026-09-17T02:30:40+00:00,True
2024-09-18,https://www.federalreserve.gov/newsevents/pressreleases/monetary20240918a.htm,06b4bc8c0d7def4c12a2d697465a026a4a1563259bdf998ae62a7f59f49d5493,2026-09-17T02:30:41+00:00,True
2024-11-07,https://www.federalreserve.gov/newsevents/pressreleases/monetary20241107a.htm,88f0b9502029837d8e7c4f221211e183f819ef9c2107545dc5406156748c6489,2026-09-17T02:30:43+00:00,True
2024-12-18,https://www.federalreserve.gov/newsevents/pressreleases/monetary20241218a.htm,a64d0dc6d662397ded9d71816c9ee9a33c00c47335244a9018c546656714b3b4,2026-09-17T02:30:44+00:00,True
2025-01-29,https://www.federalreserve.gov/newsevents/pressreleases/monetary20250129a.htm,d42e7adacf21cfbb6084e726a81f83a29cf9bd202353f091766b2b349046b617,2026-09-17T02:30:45+00:00,True
2025-03-19,https://www.federalreserve.gov/newsevents/pressreleases/monetary20250319a.htm,b24057ad9d8a899a4df52932a359f74f2f4176420afbeba29f9d1585dd987714,2026-09-17T02:30:47+00:00,True
2025-05-07,https://www.federalreserve.gov/newsevents/pressreleases/monetary20250507a.htm,4eb3b37d02ac314f0650a2a802de528b72caff16b1660b90111262e2335076ed,2026-09-17T02:30:48+00:00,True
2025-06-18,https://www.federalreserve.gov/newsevents/pressreleases/monetary20250618a.htm,dd0acfc82057fd46f1cc79bd34bbe66982f79ebd18918101690ea78f2822e98c,2026-09-17T02:30:50+00:00,True
2025-07-30,https://www.federalreserve.gov/newsevents/pressreleases/monetary20250730a.htm,1995adba4d3ddf924e77f12b705cdb06586e78f9ec3515c7ec5f3ff1ab2c19dd,2026-09-17T02:30:51+00:00,True
2025-09-17,https://www.federalreserve.gov/newsevents/pressreleases/monetary20250917a.htm,5d1be0f9b840558991ce0ef5b526ebffbcc73cfd742857e8e6b5d7f7bcceaf02,2026-09-17T02:30:53+00:00,True
2025-10-29,https://www.federalreserve.gov/newsevents/pressreleases/monetary20251029a.htm,a2100d9c2ed92d0712255a86b33dbb5793ad8f614e6263a3d00bc54247670de1,2026-09-17T02:30:54+00:00,True
2025-12-10,https://www.federalreserve.gov/newsevents/pressreleases/monetary20251210a.htm,8bfb771a12556a43f88251e332a95aa3ca212fe31031a288cb7fe33632f63c27,2026-09-17T02:30:56+00:00,True
2026-01-28,https://www.federalreserve.gov/newsevents/pressreleases/monetary20260128a.htm,f762c968d4d6c940c85320e592a9483143b33f7aadf89c8eaceae040df4e170a,2026-09-17T02:30:57+00:00,True
2026-03-18,https://www.federalreserve.gov/newsevents/pressreleases/monetary20260318a.htm,a71292278a3518e626086ae4d3fadc217f10e7a45e89f843b1ba67468fa4d6ef,2026-09-17T02:30:58+00:00,True
2026-04-29,https://www.federalreserve.gov/newsevents/pressreleases/monetary20260429a.htm,7ec8950a9c915a77df7e96bd432bebf1da80080d9a48d2e968b82f93f630d2e1,2026-09-17T02:31:00+00:00,True
2026-06-17,https://www.federalreserve.gov/newsevents/pressreleases/monetary20260617a.htm,5f12812536b389a7ca238aff4362cfbf1dfb06dcd57da2d75b5c4021588319d9,2026-09-17T02:31:01+00:00,True
2026-07-29,https://www.federalreserve.gov/newsevents/pressreleases/monetary20260729a.htm,61af57f0849466ee843bf2ae2dede53411c6d8c083ba9186c888c13436f7320f,2026-09-16T16:35:24+00:00,True
2026-09-16,https://www.federalreserve.gov/newsevents/pressreleases/monetary20260916a.htm,a1f7fab50c0ca7d981928a82496f3516009ccd9b5ec6e0c2a6a80c894a388322,2026-09-16T18:07:02+00:00,True
